<?xml version="1.0" encoding="UTF-8"?>
<GenRun Id="impl_1" LaunchPart="xc7z020clg484-1" LaunchTime="1709795377">
  <File Type="BITSTR-BMM" Name="LCD_bd.bmm"/>
  <File Type="OPT-METHODOLOGY-DRC" Name="LCD_methodology_drc_opted.rpt"/>
  <File Type="INIT-TIMING" Name="LCD_timing_summary_init.rpt"/>
  <File Type="ROUTE-PWR" Name="LCD_power_routed.rpt"/>
  <File Type="PA-TCL" Name="LCD.tcl"/>
  <File Type="OPT-TIMING" Name="LCD_timing_summary_opted.rpt"/>
  <File Type="OPT-DCP" Name="LCD_opt.dcp"/>
  <File Type="ROUTE-PWR-SUM" Name="LCD_power_summary_routed.pb"/>
  <File Type="REPORTS-TCL" Name="LCD_reports.tcl"/>
  <File Type="OPT-DRC" Name="LCD_drc_opted.rpt"/>
  <File Type="OPT-HWDEF" Name="LCD.hwdef"/>
  <File Type="PWROPT-DCP" Name="LCD_pwropt.dcp"/>
  <File Type="PWROPT-DRC" Name="LCD_drc_pwropted.rpt"/>
  <File Type="PWROPT-TIMING" Name="LCD_timing_summary_pwropted.rpt"/>
  <File Type="PLACE-DCP" Name="LCD_placed.dcp"/>
  <File Type="PLACE-IO" Name="LCD_io_placed.rpt"/>
  <File Type="PLACE-CLK" Name="LCD_clock_utilization_placed.rpt"/>
  <File Type="PLACE-UTIL" Name="LCD_utilization_placed.rpt"/>
  <File Type="PLACE-UTIL-PB" Name="LCD_utilization_placed.pb"/>
  <File Type="PLACE-CTRL" Name="LCD_control_sets_placed.rpt"/>
  <File Type="PLACE-SIMILARITY" Name="LCD_incremental_reuse_placed.rpt"/>
  <File Type="PLACE-PRE-SIMILARITY" Name="LCD_incremental_reuse_pre_placed.rpt"/>
  <File Type="PLACE-TIMING" Name="LCD_timing_summary_placed.rpt"/>
  <File Type="POSTPLACE-PWROPT-DCP" Name="LCD_postplace_pwropt.dcp"/>
  <File Type="BG-BIN" Name="LCD.bin"/>
  <File Type="POSTPLACE-PWROPT-TIMING" Name="LCD_timing_summary_postplace_pwropted.rpt"/>
  <File Type="PHYSOPT-DCP" Name="LCD_physopt.dcp"/>
  <File Type="PHYSOPT-DRC" Name="LCD_drc_physopted.rpt"/>
  <File Type="BITSTR-MSK" Name="LCD.msk"/>
  <File Type="PHYSOPT-TIMING" Name="LCD_timing_summary_physopted.rpt"/>
  <File Type="ROUTE-ERROR-DCP" Name="LCD_routed_error.dcp"/>
  <File Type="ROUTE-DCP" Name="LCD_routed.dcp"/>
  <File Type="ROUTE-BLACKBOX-DCP" Name="LCD_routed_bb.dcp"/>
  <File Type="ROUTE-DRC" Name="LCD_drc_routed.rpt"/>
  <File Type="ROUTE-DRC-PB" Name="LCD_drc_routed.pb"/>
  <File Type="ROUTE-DRC-RPX" Name="LCD_drc_routed.rpx"/>
  <File Type="BITSTR-MMI" Name="LCD.mmi"/>
  <File Type="ROUTE-METHODOLOGY-DRC" Name="LCD_methodology_drc_routed.rpt"/>
  <File Type="ROUTE-METHODOLOGY-DRC-RPX" Name="LCD_methodology_drc_routed.rpx"/>
  <File Type="ROUTE-METHODOLOGY-DRC-PB" Name="LCD_methodology_drc_routed.pb"/>
  <File Type="ROUTE-PWR-RPX" Name="LCD_power_routed.rpx"/>
  <File Type="ROUTE-STATUS" Name="LCD_route_status.rpt"/>
  <File Type="ROUTE-STATUS-PB" Name="LCD_route_status.pb"/>
  <File Type="ROUTE-TIMINGSUMMARY" Name="LCD_timing_summary_routed.rpt"/>
  <File Type="ROUTE-TIMING-PB" Name="LCD_timing_summary_routed.pb"/>
  <File Type="ROUTE-TIMING-RPX" Name="LCD_timing_summary_routed.rpx"/>
  <File Type="ROUTE-SIMILARITY" Name="LCD_incremental_reuse_routed.rpt"/>
  <File Type="ROUTE-CLK" Name="LCD_clock_utilization_routed.rpt"/>
  <File Type="ROUTE-BUS-SKEW" Name="LCD_bus_skew_routed.rpt"/>
  <File Type="ROUTE-BUS-SKEW-PB" Name="LCD_bus_skew_routed.pb"/>
  <File Type="ROUTE-BUS-SKEW-RPX" Name="LCD_bus_skew_routed.rpx"/>
  <File Type="POSTROUTE-PHYSOPT-DCP" Name="LCD_postroute_physopt.dcp"/>
  <File Type="POSTROUTE-PHYSOPT-BLACKBOX-DCP" Name="LCD_postroute_physopt_bb.dcp"/>
  <File Type="POSTROUTE-PHYSOPT-TIMING" Name="LCD_timing_summary_postroute_physopted.rpt"/>
  <File Type="POSTROUTE-PHYSOPT-TIMING-PB" Name="LCD_timing_summary_postroute_physopted.pb"/>
  <File Type="POSTROUTE-PHYSOPT-TIMING-RPX" Name="LCD_timing_summary_postroute_physopted.rpx"/>
  <File Type="POSTROUTE-PHYSOPT-BUS-SKEW" Name="LCD_bus_skew_postroute_physopted.rpt"/>
  <File Type="POSTROUTE-PHYSOPT-BUS-SKEW-PB" Name="LCD_bus_skew_postroute_physopted.pb"/>
  <File Type="BG-BIT" Name="LCD.bit"/>
  <File Type="POSTROUTE-PHYSOPT-BUS-SKEW-RPX" Name="LCD_bus_skew_postroute_physopted.rpx"/>
  <File Type="BITSTR-RBT" Name="LCD.rbt"/>
  <File Type="BITSTR-NKY" Name="LCD.nky"/>
  <File Type="PDI-FILE" Name="LCD.pdi"/>
  <File Type="RCFI_FILE" Name="LCD.rcfi"/>
  <File Type="CFI_FILE" Name="LCD.cfi"/>
  <File Type="RNPI_FILE" Name="LCD.rnpi"/>
  <File Type="NPI_FILE" Name="LCD.npi"/>
  <File Type="RBD_FILE" Name="LCD.rbd"/>
  <File Type="BITSTR-LTX" Name="debug_nets.ltx"/>
  <File Type="BITSTR-LTX" Name="LCD.ltx"/>
  <File Type="BITSTR-SYSDEF" Name="LCD.sysdef"/>
  <File Type="BG-BGN" Name="LCD.bgn"/>
  <File Type="BG-DRC" Name="LCD.drc"/>
  <File Type="RDI-RDI" Name="LCD.vdi"/>
  <File Type="WBT-USG" Name="usage_statistics_webtalk.html"/>
  <FileSet Name="sources" Type="DesignSrcs" RelSrcDir="$PSRCDIR/sources_1">
    <Filter Type="Srcs"/>
    <File Path="$PSRCDIR/sources_1/new/LCD.vhd">
      <FileInfo>
        <Attr Name="UsedIn" Val="synthesis"/>
        <Attr Name="UsedIn" Val="simulation"/>
      </FileInfo>
    </File>
    <Config>
      <Option Name="DesignMode" Val="RTL"/>
      <Option Name="TopModule" Val="LCD"/>
      <Option Name="TopAutoSet" Val="TRUE"/>
    </Config>
  </FileSet>
  <FileSet Name="constrs_in" Type="Constrs" RelSrcDir="$PSRCDIR/constrs_1">
    <Filter Type="Constrs"/>
    <File Path="$PSRCDIR/constrs_1/new/LCD_cont.xdc">
      <FileInfo>
        <Attr Name="UsedIn" Val="synthesis"/>
        <Attr Name="UsedIn" Val="implementation"/>
      </FileInfo>
    </File>
    <Config>
      <Option Name="TargetConstrsFile" Val="$PSRCDIR/constrs_1/new/LCD_cont.xdc"/>
      <Option Name="ConstrsType" Val="XDC"/>
    </Config>
  </FileSet>
  <FileSet Name="utils" Type="Utils" RelSrcDir="$PSRCDIR/utils_1">
    <Filter Type="Utils"/>
    <Config>
      <Option Name="TopAutoSet" Val="TRUE"/>
    </Config>
  </FileSet>
  <Strategy Version="1" Minor="2">
    <StratHandle Name="Vivado Implementation Defaults" Flow="Vivado Implementation 2020">
      <Desc>Default settings for Implementation.</Desc>
    </StratHandle>
    <Step Id="init_design"/>
    <Step Id="opt_design"/>
    <Step Id="power_opt_design"/>
    <Step Id="place_design"/>
    <Step Id="post_place_power_opt_design"/>
    <Step Id="phys_opt_design"/>
    <Step Id="route_design"/>
    <Step Id="post_route_phys_opt_design"/>
    <Step Id="write_bitstream"/>
  </Strategy>
</GenRun>
