<?xml version="1.0" encoding="UTF-8"?>
<GenRun Id="impl_1" LaunchTime="1709128539">
  <File Type="ROUTE-PWR" Name="toplvl_power_routed.rpt"/>
  <File Type="PA-TCL" Name="toplvl.tcl"/>
  <File Type="ROUTE-PWR-SUM" Name="toplvl_power_summary_routed.pb"/>
  <File Type="REPORTS-TCL" Name="toplvl_reports.tcl"/>
  <File Type="BITSTR-MSK" Name="toplvl.msk"/>
  <File Type="ROUTE-CLK" Name="toplvl_clock_utilization_routed.rpt"/>
  <File Type="RDI-RDI" Name="toplvl.vdi"/>
  <File Type="POSTROUTE-PHYSOPT-BUS-SKEW-PB" Name="toplvl_bus_skew_postroute_physopted.pb"/>
  <File Type="BG-BIT" Name="toplvl.bit"/>
  <File Type="BG-DRC" Name="toplvl.drc"/>
  <File Type="BG-BGN" Name="toplvl.bgn"/>
  <File Type="BG-BIN" Name="toplvl.bin"/>
  <File Type="BITSTR-RBT" Name="toplvl.rbt"/>
  <File Type="BITSTR-NKY" Name="toplvl.nky"/>
  <File Type="BITSTR-BMM" Name="toplvl_bd.bmm"/>
  <File Type="BITSTR-MMI" Name="toplvl.mmi"/>
  <File Type="ROUTE-METHODOLOGY-DRC" Name="toplvl_methodology_drc_routed.rpt"/>
  <File Type="BITSTR-SYSDEF" Name="toplvl.sysdef"/>
  <File Type="BITSTR-LTX" Name="debug_nets.ltx"/>
  <File Type="BITSTR-LTX" Name="toplvl.ltx"/>
  <File Type="WBT-USG" Name="usage_statistics_webtalk.html"/>
  <File Type="OPT-DRC" Name="toplvl_drc_opted.rpt"/>
  <File Type="OPT-HWDEF" Name="toplvl.hwdef"/>
  <File Type="PLACE-IO" Name="toplvl_io_placed.rpt"/>
  <File Type="PLACE-UTIL" Name="toplvl_utilization_placed.rpt"/>
  <File Type="PLACE-UTIL-PB" Name="toplvl_utilization_placed.pb"/>
  <File Type="PLACE-CTRL" Name="toplvl_control_sets_placed.rpt"/>
  <File Type="PLACE-PRE-SIMILARITY" Name="toplvl_incremental_reuse_pre_placed.rpt"/>
  <File Type="ROUTE-DRC" Name="toplvl_drc_routed.rpt"/>
  <File Type="ROUTE-DRC-PB" Name="toplvl_drc_routed.pb"/>
  <File Type="ROUTE-PWR-RPX" Name="toplvl_power_routed.rpx"/>
  <File Type="ROUTE-STATUS" Name="toplvl_route_status.rpt"/>
  <File Type="ROUTE-STATUS-PB" Name="toplvl_route_status.pb"/>
  <File Type="ROUTE-DCP" Name="toplvl_routed.dcp"/>
  <File Type="ROUTE-ERROR-DCP" Name="toplvl_routed_error.dcp"/>
  <File Type="ROUTE-BLACKBOX-DCP" Name="toplvl_routed_bb.dcp"/>
  <File Type="ROUTE-TIMINGSUMMARY" Name="toplvl_timing_summary_routed.rpt"/>
  <File Type="ROUTE-TIMING-PB" Name="toplvl_timing_summary_routed.pb"/>
  <File Type="ROUTE-TIMING-RPX" Name="toplvl_timing_summary_routed.rpx"/>
  <File Type="ROUTE-SIMILARITY" Name="toplvl_incremental_reuse_routed.rpt"/>
  <File Type="ROUTE-BUS-SKEW" Name="toplvl_bus_skew_routed.rpt"/>
  <File Type="ROUTE-BUS-SKEW-PB" Name="toplvl_bus_skew_routed.pb"/>
  <File Type="ROUTE-BUS-SKEW-RPX" Name="toplvl_bus_skew_routed.rpx"/>
  <File Type="OPT-DCP" Name="toplvl_opt.dcp"/>
  <File Type="PLACE-DCP" Name="toplvl_placed.dcp"/>
  <File Type="PWROPT-DCP" Name="toplvl_pwropt.dcp"/>
  <File Type="POSTPLACE-PWROPT-DCP" Name="toplvl_postplace_pwropt.dcp"/>
  <File Type="PHYSOPT-DCP" Name="toplvl_physopt.dcp"/>
  <File Type="POSTROUTE-PHYSOPT-DCP" Name="toplvl_postroute_physopt.dcp"/>
  <File Type="POSTROUTE-PHYSOPT-BLACKBOX-DCP" Name="toplvl_postroute_physopt_bb.dcp"/>
  <File Type="POSTROUTE-PHYSOPT-TIMING" Name="toplvl_timing_summary_postroute_physopted.rpt"/>
  <File Type="POSTROUTE-PHYSOPT-TIMING-PB" Name="toplvl_timing_summary_postroute_physopted.pb"/>
  <File Type="POSTROUTE-PHYSOPT-TIMING-RPX" Name="toplvl_timing_summary_postroute_physopted.rpx"/>
  <File Type="POSTROUTE-PHYSOPT-BUS-SKEW" Name="toplvl_bus_skew_postroute_physopted.rpt"/>
  <File Type="POSTROUTE-PHYSOPT-BUS-SKEW-RPX" Name="toplvl_bus_skew_postroute_physopted.rpx"/>
  <File Type="ROUTE-METHODOLOGY-DRC-PB" Name="toplvl_methodology_drc_routed.pb"/>
  <File Type="ROUTE-DRC-RPX" Name="toplvl_drc_routed.rpx"/>
  <File Type="ROUTE-METHODOLOGY-DRC-RPX" Name="toplvl_methodology_drc_routed.rpx"/>
  <File Type="PDI-FILE" Name="toplvl.pdi"/>
  <File Type="RCFI_FILE" Name="toplvl.rcfi"/>
  <File Type="CFI_FILE" Name="toplvl.cfi"/>
  <File Type="RNPI_FILE" Name="toplvl.rnpi"/>
  <File Type="NPI_FILE" Name="toplvl.npi"/>
  <File Type="RBD_FILE" Name="toplvl.rbd"/>
  <FileSet Name="sources" Type="DesignSrcs" RelSrcDir="$PSRCDIR/sources_1">
    <Filter Type="Srcs"/>
    <File Path="$PSRCDIR/sources_1/new/BinMul.vhd">
      <FileInfo>
        <Attr Name="UsedIn" Val="synthesis"/>
        <Attr Name="UsedIn" Val="simulation"/>
      </FileInfo>
    </File>
    <File Path="$PSRCDIR/sources_1/new/PB_Debouncer.vhd">
      <FileInfo>
        <Attr Name="UsedIn" Val="synthesis"/>
        <Attr Name="UsedIn" Val="simulation"/>
      </FileInfo>
    </File>
    <File Path="$PSRCDIR/sources_1/new/toplvl.vhd">
      <FileInfo>
        <Attr Name="UsedIn" Val="synthesis"/>
        <Attr Name="UsedIn" Val="simulation"/>
      </FileInfo>
    </File>
    <File Path="$PSRCDIR/sources_1/new/binaryMUL.vhd">
      <FileInfo>
        <Attr Name="AutoDisabled" Val="1"/>
        <Attr Name="UsedIn" Val="synthesis"/>
        <Attr Name="UsedIn" Val="simulation"/>
      </FileInfo>
    </File>
    <Config>
      <Option Name="DesignMode" Val="RTL"/>
      <Option Name="TopModule" Val="toplvl"/>
      <Option Name="TopAutoSet" Val="TRUE"/>
    </Config>
  </FileSet>
  <FileSet Name="constrs_in" Type="Constrs" RelSrcDir="$PSRCDIR/constrs_1">
    <Filter Type="Constrs"/>
    <File Path="$PSRCDIR/constrs_1/new/toplvl.xdc">
      <FileInfo>
        <Attr Name="UsedIn" Val="synthesis"/>
        <Attr Name="UsedIn" Val="implementation"/>
      </FileInfo>
    </File>
    <Config>
      <Option Name="TargetConstrsFile" Val="$PSRCDIR/constrs_1/new/toplvl.xdc"/>
      <Option Name="ConstrsType" Val="XDC"/>
    </Config>
  </FileSet>
  <FileSet Name="utils" Type="Utils" RelSrcDir="$PSRCDIR/utils_1">
    <Filter Type="Utils"/>
    <Config>
      <Option Name="TopAutoSet" Val="TRUE"/>
    </Config>
  </FileSet>
  <Strategy Version="1" Minor="2">
    <StratHandle Name="Vivado Implementation Defaults" Flow="Vivado Implementation 2020"/>
    <Step Id="init_design"/>
    <Step Id="opt_design"/>
    <Step Id="power_opt_design"/>
    <Step Id="place_design"/>
    <Step Id="post_place_power_opt_design"/>
    <Step Id="phys_opt_design"/>
    <Step Id="route_design"/>
    <Step Id="post_route_phys_opt_design"/>
    <Step Id="write_bitstream"/>
    <Step Id="write_device_image"/>
  </Strategy>
</GenRun>
