<?xml version="1.0" encoding="UTF-8"?>
<GenRun Id="impl_1" LaunchPart="xc7z020clg484-1" LaunchTime="1709800337">
  <File Type="BITSTR-BMM" Name="TOPLevel_bd.bmm"/>
  <File Type="OPT-METHODOLOGY-DRC" Name="TOPLevel_methodology_drc_opted.rpt"/>
  <File Type="INIT-TIMING" Name="TOPLevel_timing_summary_init.rpt"/>
  <File Type="ROUTE-PWR" Name="TOPLevel_power_routed.rpt"/>
  <File Type="PA-TCL" Name="TOPLevel.tcl"/>
  <File Type="OPT-TIMING" Name="TOPLevel_timing_summary_opted.rpt"/>
  <File Type="OPT-DCP" Name="TOPLevel_opt.dcp"/>
  <File Type="ROUTE-PWR-SUM" Name="TOPLevel_power_summary_routed.pb"/>
  <File Type="REPORTS-TCL" Name="TOPLevel_reports.tcl"/>
  <File Type="OPT-DRC" Name="TOPLevel_drc_opted.rpt"/>
  <File Type="OPT-HWDEF" Name="TOPLevel.hwdef"/>
  <File Type="PWROPT-DCP" Name="TOPLevel_pwropt.dcp"/>
  <File Type="PWROPT-DRC" Name="TOPLevel_drc_pwropted.rpt"/>
  <File Type="PWROPT-TIMING" Name="TOPLevel_timing_summary_pwropted.rpt"/>
  <File Type="PLACE-DCP" Name="TOPLevel_placed.dcp"/>
  <File Type="PLACE-IO" Name="TOPLevel_io_placed.rpt"/>
  <File Type="PLACE-CLK" Name="TOPLevel_clock_utilization_placed.rpt"/>
  <File Type="PLACE-UTIL" Name="TOPLevel_utilization_placed.rpt"/>
  <File Type="PLACE-UTIL-PB" Name="TOPLevel_utilization_placed.pb"/>
  <File Type="PLACE-CTRL" Name="TOPLevel_control_sets_placed.rpt"/>
  <File Type="PLACE-SIMILARITY" Name="TOPLevel_incremental_reuse_placed.rpt"/>
  <File Type="PLACE-PRE-SIMILARITY" Name="TOPLevel_incremental_reuse_pre_placed.rpt"/>
  <File Type="PLACE-TIMING" Name="TOPLevel_timing_summary_placed.rpt"/>
  <File Type="POSTPLACE-PWROPT-DCP" Name="TOPLevel_postplace_pwropt.dcp"/>
  <File Type="BG-BIN" Name="TOPLevel.bin"/>
  <File Type="POSTPLACE-PWROPT-TIMING" Name="TOPLevel_timing_summary_postplace_pwropted.rpt"/>
  <File Type="PHYSOPT-DCP" Name="TOPLevel_physopt.dcp"/>
  <File Type="PHYSOPT-DRC" Name="TOPLevel_drc_physopted.rpt"/>
  <File Type="BITSTR-MSK" Name="TOPLevel.msk"/>
  <File Type="PHYSOPT-TIMING" Name="TOPLevel_timing_summary_physopted.rpt"/>
  <File Type="ROUTE-ERROR-DCP" Name="TOPLevel_routed_error.dcp"/>
  <File Type="ROUTE-DCP" Name="TOPLevel_routed.dcp"/>
  <File Type="ROUTE-BLACKBOX-DCP" Name="TOPLevel_routed_bb.dcp"/>
  <File Type="ROUTE-DRC" Name="TOPLevel_drc_routed.rpt"/>
  <File Type="ROUTE-DRC-PB" Name="TOPLevel_drc_routed.pb"/>
  <File Type="ROUTE-DRC-RPX" Name="TOPLevel_drc_routed.rpx"/>
  <File Type="BITSTR-MMI" Name="TOPLevel.mmi"/>
  <File Type="ROUTE-METHODOLOGY-DRC" Name="TOPLevel_methodology_drc_routed.rpt"/>
  <File Type="ROUTE-METHODOLOGY-DRC-RPX" Name="TOPLevel_methodology_drc_routed.rpx"/>
  <File Type="ROUTE-METHODOLOGY-DRC-PB" Name="TOPLevel_methodology_drc_routed.pb"/>
  <File Type="ROUTE-PWR-RPX" Name="TOPLevel_power_routed.rpx"/>
  <File Type="ROUTE-STATUS" Name="TOPLevel_route_status.rpt"/>
  <File Type="ROUTE-STATUS-PB" Name="TOPLevel_route_status.pb"/>
  <File Type="ROUTE-TIMINGSUMMARY" Name="TOPLevel_timing_summary_routed.rpt"/>
  <File Type="ROUTE-TIMING-PB" Name="TOPLevel_timing_summary_routed.pb"/>
  <File Type="ROUTE-TIMING-RPX" Name="TOPLevel_timing_summary_routed.rpx"/>
  <File Type="ROUTE-SIMILARITY" Name="TOPLevel_incremental_reuse_routed.rpt"/>
  <File Type="ROUTE-CLK" Name="TOPLevel_clock_utilization_routed.rpt"/>
  <File Type="ROUTE-BUS-SKEW" Name="TOPLevel_bus_skew_routed.rpt"/>
  <File Type="ROUTE-BUS-SKEW-PB" Name="TOPLevel_bus_skew_routed.pb"/>
  <File Type="ROUTE-BUS-SKEW-RPX" Name="TOPLevel_bus_skew_routed.rpx"/>
  <File Type="POSTROUTE-PHYSOPT-DCP" Name="TOPLevel_postroute_physopt.dcp"/>
  <File Type="POSTROUTE-PHYSOPT-BLACKBOX-DCP" Name="TOPLevel_postroute_physopt_bb.dcp"/>
  <File Type="POSTROUTE-PHYSOPT-TIMING" Name="TOPLevel_timing_summary_postroute_physopted.rpt"/>
  <File Type="POSTROUTE-PHYSOPT-TIMING-PB" Name="TOPLevel_timing_summary_postroute_physopted.pb"/>
  <File Type="POSTROUTE-PHYSOPT-TIMING-RPX" Name="TOPLevel_timing_summary_postroute_physopted.rpx"/>
  <File Type="POSTROUTE-PHYSOPT-BUS-SKEW" Name="TOPLevel_bus_skew_postroute_physopted.rpt"/>
  <File Type="POSTROUTE-PHYSOPT-BUS-SKEW-PB" Name="TOPLevel_bus_skew_postroute_physopted.pb"/>
  <File Type="BG-BIT" Name="TOPLevel.bit"/>
  <File Type="POSTROUTE-PHYSOPT-BUS-SKEW-RPX" Name="TOPLevel_bus_skew_postroute_physopted.rpx"/>
  <File Type="BITSTR-RBT" Name="TOPLevel.rbt"/>
  <File Type="BITSTR-NKY" Name="TOPLevel.nky"/>
  <File Type="PDI-FILE" Name="TOPLevel.pdi"/>
  <File Type="RCFI_FILE" Name="TOPLevel.rcfi"/>
  <File Type="CFI_FILE" Name="TOPLevel.cfi"/>
  <File Type="RNPI_FILE" Name="TOPLevel.rnpi"/>
  <File Type="NPI_FILE" Name="TOPLevel.npi"/>
  <File Type="RBD_FILE" Name="TOPLevel.rbd"/>
  <File Type="BITSTR-LTX" Name="debug_nets.ltx"/>
  <File Type="BITSTR-LTX" Name="TOPLevel.ltx"/>
  <File Type="BITSTR-SYSDEF" Name="TOPLevel.sysdef"/>
  <File Type="BG-BGN" Name="TOPLevel.bgn"/>
  <File Type="BG-DRC" Name="TOPLevel.drc"/>
  <File Type="RDI-RDI" Name="TOPLevel.vdi"/>
  <File Type="WBT-USG" Name="usage_statistics_webtalk.html"/>
  <FileSet Name="sources" Type="DesignSrcs" RelSrcDir="$PSRCDIR/sources_1">
    <Filter Type="Srcs"/>
    <File Path="$PSRCDIR/sources_1/new/LCD_ADDER.vhd">
      <FileInfo>
        <Attr Name="UsedIn" Val="synthesis"/>
        <Attr Name="UsedIn" Val="simulation"/>
      </FileInfo>
    </File>
    <File Path="$PSRCDIR/sources_1/new/fourBitAdder.vhd">
      <FileInfo>
        <Attr Name="UsedIn" Val="synthesis"/>
        <Attr Name="UsedIn" Val="simulation"/>
      </FileInfo>
    </File>
    <File Path="$PSRCDIR/sources_1/new/TOPLevel.vhd">
      <FileInfo>
        <Attr Name="UsedIn" Val="synthesis"/>
        <Attr Name="UsedIn" Val="simulation"/>
      </FileInfo>
    </File>
    <Config>
      <Option Name="DesignMode" Val="RTL"/>
      <Option Name="TopModule" Val="TOPLevel"/>
      <Option Name="TopAutoSet" Val="TRUE"/>
    </Config>
  </FileSet>
  <FileSet Name="constrs_in" Type="Constrs" RelSrcDir="$PSRCDIR/constrs_1">
    <Filter Type="Constrs"/>
    <File Path="$PSRCDIR/constrs_1/new/LCD_ADDER_const.xdc">
      <FileInfo>
        <Attr Name="UsedIn" Val="synthesis"/>
        <Attr Name="UsedIn" Val="implementation"/>
      </FileInfo>
    </File>
    <Config>
      <Option Name="TargetConstrsFile" Val="$PSRCDIR/constrs_1/new/LCD_ADDER_const.xdc"/>
      <Option Name="ConstrsType" Val="XDC"/>
    </Config>
  </FileSet>
  <FileSet Name="utils" Type="Utils" RelSrcDir="$PSRCDIR/utils_1">
    <Filter Type="Utils"/>
    <Config>
      <Option Name="TopAutoSet" Val="TRUE"/>
    </Config>
  </FileSet>
  <Strategy Version="1" Minor="2">
    <StratHandle Name="Vivado Implementation Defaults" Flow="Vivado Implementation 2020">
      <Desc>Default settings for Implementation.</Desc>
    </StratHandle>
    <Step Id="init_design"/>
    <Step Id="opt_design"/>
    <Step Id="power_opt_design"/>
    <Step Id="place_design"/>
    <Step Id="post_place_power_opt_design"/>
    <Step Id="phys_opt_design"/>
    <Step Id="route_design"/>
    <Step Id="post_route_phys_opt_design"/>
    <Step Id="write_bitstream"/>
  </Strategy>
</GenRun>
